participant_id,personality_name,trial_number,trial_type,trial_duration,total_steps,success_rate,final_cognitive_load,nasa_mental_demand,nasa_physical_demand,nasa_temporal_demand,nasa_performance,nasa_effort,nasa_frustration,sus_1,sus_2,sus_3,sus_4,sus_5,sus_6,sus_7,sus_8,sus_9,sus_10,overall_satisfaction,ease_of_use,recommendation_likelihood
P003,Priya Patel 3,1,baseline,31.046422719955444,20,0.0,100,50,20,15,70,50,35,3,2,3,2,3,2,3,2,3,2,60,55,54
P003,Priya Patel 3,2,baseline,26.711224794387817,20,0.0,100,50,20,15,70,50,35,3,2,3,2,3,2,3,2,3,2,60,63,66
P003,Priya Patel 3,3,baseline,24.283204078674316,20,0.0,100,50,20,15,70,50,35,3,2,3,2,3,2,3,2,3,2,60,58,48
P003,Priya Patel 3,4,baseline,27.048447847366333,20,0.0,100,50,20,15,70,50,35,3,2,3,2,3,2,3,2,3,2,60,66,54
P003,Priya Patel 3,5,baseline,25.651838064193726,20,0.0,100,50,20,15,70,50,35,3,2,3,2,3,2,3,2,3,2,60,56,49
P003,Priya Patel 3,6,agent_assisted,28.813518047332764,20,0.0,100,50,20,15,70,50,35,3,2,3,2,3,2,3,2,3,2,60,51,69
P003,Priya Patel 3,7,agent_assisted,27.815468788146973,20,0.0,100,50,20,15,70,50,35,3,2,3,2,3,2,3,2,3,2,60,50,52
P003,Priya Patel 3,8,agent_assisted,29.51844310760498,20,0.0,100,50,20,15,70,50,35,3,2,3,2,3,2,3,2,3,2,60,70,59
P003,Priya Patel 3,9,agent_assisted,29.15247893333435,20,0.0,100,50,20,15,70,50,35,3,2,3,2,3,2,3,2,3,2,60,59,75
P003,Priya Patel 3,10,agent_assisted,25.358532905578613,20,0.0,100,50,20,15,70,50,35,3,2,3,2,3,2,3,2,3,2,60,63,52
P002,Sarah Johnson 2,1,baseline,30.65151619911194,20,0.0,100,50,20,15,70,50,35,3,2,3,2,3,2,3,2,3,2,60,58,74
P002,Sarah Johnson 2,2,baseline,27.126420974731445,20,0.0,100,50,20,15,70,50,35,3,2,3,2,3,2,3,2,3,2,60,60,46
P002,Sarah Johnson 2,3,baseline,28.59102487564087,20,0.0,100,50,20,15,70,50,35,3,2,3,2,3,2,3,2,3,2,60,50,58
P002,Sarah Johnson 2,4,baseline,28.754469871520996,20,0.0,100,50,20,15,70,50,35,3,2,3,2,3,2,3,2,3,2,60,67,62
P002,Sarah Johnson 2,5,baseline,28.81309986114502,20,0.0,100,50,20,15,70,50,35,3,2,3,2,3,2,3,2,3,2,60,69,74
P002,Sarah Johnson 2,6,agent_assisted,29.93266987800598,20,0.0,100,50,20,15,70,50,35,3,2,3,2,3,2,3,2,3,2,60,63,48
P002,Sarah Johnson 2,7,agent_assisted,28.47909712791443,20,0.0,100,50,20,15,70,50,35,3,2,3,2,3,2,3,2,3,2,60,65,49
P002,Sarah Johnson 2,8,agent_assisted,28.723222017288208,20,0.0,100,50,20,15,70,50,35,3,2,3,2,3,2,3,2,3,2,60,52,47
P002,Sarah Johnson 2,9,agent_assisted,29.347532987594604,20,0.0,100,50,20,15,70,50,35,3,2,3,2,3,2,3,2,3,2,60,68,63
P002,Sarah Johnson 2,10,agent_assisted,23.185867071151733,20,0.0,100,50,20,15,70,50,35,3,2,3,2,3,2,3,2,3,2,60,68,46
P001,Priya Patel,1,baseline,32.79968619346619,20,0.0,100,65,20,25,70,50,50,2,1,2,1,2,1,2,1,2,1,40,36,26
P001,Priya Patel,2,baseline,29.10443902015686,20,0.0,100,65,20,25,70,50,50,2,1,2,1,2,1,2,1,2,1,40,47,34
P001,Priya Patel,3,baseline,27.979935884475708,20,0.0,100,65,20,25,70,50,50,2,1,2,1,2,1,2,1,2,1,40,33,52
P001,Priya Patel,4,baseline,27.1627140045166,20,0.0,100,65,20,25,70,50,50,2,1,2,1,2,1,2,1,2,1,40,38,50
P001,Priya Patel,5,baseline,29.345447301864624,20,0.0,100,65,20,25,70,50,50,2,1,2,1,2,1,2,1,2,1,40,48,43
P001,Priya Patel,6,agent_assisted,30.645984649658203,20,0.0,100,65,20,25,70,50,50,2,1,2,1,2,1,2,1,2,1,40,32,51
P001,Priya Patel,7,agent_assisted,30.019246101379395,20,0.0,100,65,20,25,70,50,50,2,1,2,1,2,1,2,1,2,1,40,44,26
P001,Priya Patel,8,agent_assisted,28.752024173736572,20,0.0,100,65,20,25,70,50,50,2,1,2,1,2,1,2,1,2,1,40,38,26
P001,Priya Patel,9,agent_assisted,27.057809114456177,20,0.0,100,65,20,25,70,50,50,2,1,2,1,2,1,2,1,2,1,40,39,51
P001,Priya Patel,10,agent_assisted,30.520023107528687,20,0.0,100,65,20,25,70,50,50,2,1,2,1,2,1,2,1,2,1,40,39,43
P004,Sarah Johnson 4,1,baseline,27.648029088974,20,0.0,100,65,20,25,70,50,50,2,1,2,1,2,1,2,1,2,1,40,41,44
P004,Sarah Johnson 4,2,baseline,28.93980097770691,20,0.0,100,65,20,25,70,50,50,2,1,2,1,2,1,2,1,2,1,40,50,34
P004,Sarah Johnson 4,3,baseline,27.07500696182251,20,0.0,100,65,20,25,70,50,50,2,1,2,1,2,1,2,1,2,1,40,47,40
P004,Sarah Johnson 4,4,baseline,28.05784010887146,20,0.0,100,65,20,25,70,50,50,2,1,2,1,2,1,2,1,2,1,40,32,54
P004,Sarah Johnson 4,5,baseline,27.879236936569214,20,0.0,100,65,20,25,70,50,50,2,1,2,1,2,1,2,1,2,1,40,45,39
P004,Sarah Johnson 4,6,agent_assisted,28.07668709754944,20,0.0,100,65,20,25,70,50,50,2,1,2,1,2,1,2,1,2,1,40,45,28
P004,Sarah Johnson 4,7,agent_assisted,31.84755301475525,20,0.0,100,65,20,25,70,50,50,2,1,2,1,2,1,2,1,2,1,40,50,33
P004,Sarah Johnson 4,8,agent_assisted,26.984225034713745,20,0.0,100,65,20,25,70,50,50,2,1,2,1,2,1,2,1,2,1,40,48,43
P004,Sarah Johnson 4,9,agent_assisted,25.66638422012329,20,0.0,100,65,20,25,70,50,50,2,1,2,1,2,1,2,1,2,1,40,32,40
P004,Sarah Johnson 4,10,agent_assisted,26.09871506690979,20,0.0,100,65,20,25,70,50,50,2,1,2,1,2,1,2,1,2,1,40,31,30
P006,Sarah Johnson 6,1,baseline,28.166399002075195,20,0.0,100,65,20,15,70,50,45,2,1,2,1,2,1,2,1,2,1,50,40,63
P006,Sarah Johnson 6,2,baseline,29.22825789451599,20,0.0,100,65,20,15,70,50,45,2,1,2,1,2,1,2,1,2,1,50,52,47
P006,Sarah Johnson 6,3,baseline,26.18008279800415,20,0.0,100,65,20,15,70,50,45,2,1,2,1,2,1,2,1,2,1,50,45,63
P006,Sarah Johnson 6,4,baseline,30.647481203079224,20,0.0,100,65,20,15,70,50,45,2,1,2,1,2,1,2,1,2,1,50,46,59
P006,Sarah Johnson 6,5,baseline,27.38628387451172,20,0.0,100,65,20,15,70,50,45,2,1,2,1,2,1,2,1,2,1,50,51,40
P006,Sarah Johnson 6,6,agent_assisted,28.53320813179016,20,0.0,100,65,20,15,70,50,45,2,1,2,1,2,1,2,1,2,1,50,58,48
P006,Sarah Johnson 6,7,agent_assisted,26.22959280014038,20,0.0,100,65,20,15,70,50,45,2,1,2,1,2,1,2,1,2,1,50,50,51
P006,Sarah Johnson 6,8,agent_assisted,29.378283977508545,20,0.0,100,65,20,15,70,50,45,2,1,2,1,2,1,2,1,2,1,50,49,58
P006,Sarah Johnson 6,9,agent_assisted,27.851734161376953,20,0.0,100,65,20,15,70,50,45,2,1,2,1,2,1,2,1,2,1,50,60,43
P006,Sarah Johnson 6,10,agent_assisted,27.23370909690857,20,0.0,100,65,20,15,70,50,45,2,1,2,1,2,1,2,1,2,1,50,50,55
P005,Priya Patel 5,1,baseline,26.2933509349823,20,0.0,100,40,20,25,85,50,40,4,3,4,3,4,3,4,3,4,3,60,50,71
P005,Priya Patel 5,2,baseline,28.126402854919434,20,0.0,100,40,20,25,85,50,40,4,3,4,3,4,3,4,3,4,3,60,62,58
P005,Priya Patel 5,3,baseline,28.371576070785522,20,0.0,100,40,20,25,85,50,40,4,3,4,3,4,3,4,3,4,3,60,61,62
P005,Priya Patel 5,4,baseline,28.297712087631226,20,0.0,100,40,20,25,85,50,40,4,3,4,3,4,3,4,3,4,3,60,61,54
P005,Priya Patel 5,5,baseline,29.01558804512024,20,0.0,100,40,20,25,85,50,40,4,3,4,3,4,3,4,3,4,3,60,55,75
P005,Priya Patel 5,6,agent_assisted,31.42148494720459,20,0.0,100,40,20,25,85,50,40,4,3,4,3,4,3,4,3,4,3,60,65,57
P005,Priya Patel 5,7,agent_assisted,28.863726139068604,20,0.0,100,40,20,25,85,50,40,4,3,4,3,4,3,4,3,4,3,60,65,75
P005,Priya Patel 5,8,agent_assisted,28.795839071273804,20,0.0,100,40,20,25,85,50,40,4,3,4,3,4,3,4,3,4,3,60,64,60
P005,Priya Patel 5,9,agent_assisted,26.894131183624268,20,0.0,100,40,20,25,85,50,40,4,3,4,3,4,3,4,3,4,3,60,67,74
P005,Priya Patel 5,10,agent_assisted,27.031593084335327,20,0.0,100,40,20,25,85,50,40,4,3,4,3,4,3,4,3,4,3,60,69,73
P008,Sarah Johnson 8,1,baseline,27.980564832687378,20,0.0,100,50,20,25,70,50,40,3,2,3,2,3,2,3,2,3,2,50,51,48
P008,Sarah Johnson 8,2,baseline,27.24420666694641,20,0.0,100,50,20,25,70,50,40,3,2,3,2,3,2,3,2,3,2,50,46,47
P008,Sarah Johnson 8,3,baseline,28.198913097381592,20,0.0,100,50,20,25,70,50,40,3,2,3,2,3,2,3,2,3,2,50,41,38
P008,Sarah Johnson 8,4,baseline,30.37670397758484,20,0.0,100,50,20,25,70,50,40,3,2,3,2,3,2,3,2,3,2,50,40,51
P008,Sarah Johnson 8,5,baseline,27.888258934020996,20,0.0,100,50,20,25,70,50,40,3,2,3,2,3,2,3,2,3,2,50,50,48
P008,Sarah Johnson 8,6,agent_assisted,27.011346101760864,20,0.0,100,50,20,25,70,50,40,3,2,3,2,3,2,3,2,3,2,50,52,44
P008,Sarah Johnson 8,7,agent_assisted,25.42726182937622,20,0.0,100,50,20,25,70,50,40,3,2,3,2,3,2,3,2,3,2,50,50,35
P008,Sarah Johnson 8,8,agent_assisted,29.507338047027588,20,0.0,100,50,20,25,70,50,40,3,2,3,2,3,2,3,2,3,2,50,54,65
P008,Sarah Johnson 8,9,agent_assisted,28.271289825439453,20,0.0,100,50,20,25,70,50,40,3,2,3,2,3,2,3,2,3,2,50,57,51
P008,Sarah Johnson 8,10,agent_assisted,27.050436973571777,20,0.0,100,50,20,25,70,50,40,3,2,3,2,3,2,3,2,3,2,50,47,58
P007,Priya Patel 7,1,baseline,29.95712685585022,20,0.0,100,65,20,25,70,50,50,2,1,2,1,2,1,2,1,2,1,40,35,26
P007,Priya Patel 7,2,baseline,27.86837911605835,20,0.0,100,65,20,25,70,50,50,2,1,2,1,2,1,2,1,2,1,40,48,53
P007,Priya Patel 7,3,baseline,30.0742928981781,20,0.0,100,65,20,25,70,50,50,2,1,2,1,2,1,2,1,2,1,40,35,53
P007,Priya Patel 7,4,baseline,27.03428626060486,20,0.0,100,65,20,25,70,50,50,2,1,2,1,2,1,2,1,2,1,40,31,28
P007,Priya Patel 7,5,baseline,28.122905731201172,20,0.0,100,65,20,25,70,50,50,2,1,2,1,2,1,2,1,2,1,40,44,37
P007,Priya Patel 7,6,agent_assisted,27.763119220733643,20,0.0,100,65,20,25,70,50,50,2,1,2,1,2,1,2,1,2,1,40,50,53
P007,Priya Patel 7,7,agent_assisted,30.710139989852905,20,0.0,100,65,20,25,70,50,50,2,1,2,1,2,1,2,1,2,1,40,40,51
P007,Priya Patel 7,8,agent_assisted,29.029967308044434,20,0.0,100,65,20,25,70,50,50,2,1,2,1,2,1,2,1,2,1,40,46,38
P007,Priya Patel 7,9,agent_assisted,25.277390003204346,20,0.0,100,65,20,25,70,50,50,2,1,2,1,2,1,2,1,2,1,40,44,44
P007,Priya Patel 7,10,agent_assisted,24.646159172058105,20,0.0,100,65,20,25,70,50,50,2,1,2,1,2,1,2,1,2,1,40,40,41
P009,Priya Patel 9,1,baseline,28.86119294166565,20,0.0,100,40,20,25,85,50,40,4,3,4,3,4,3,4,3,4,3,60,63,54
P009,Priya Patel 9,2,baseline,32.44499397277832,20,0.0,100,40,20,25,85,50,40,4,3,4,3,4,3,4,3,4,3,60,61,69
P009,Priya Patel 9,3,baseline,29.691782236099243,20,0.0,100,40,20,25,85,50,40,4,3,4,3,4,3,4,3,4,3,60,59,68
P009,Priya Patel 9,4,baseline,26.92049503326416,20,0.0,100,40,20,25,85,50,40,4,3,4,3,4,3,4,3,4,3,60,51,59
P009,Priya Patel 9,5,baseline,28.364079236984253,20,0.0,100,40,20,25,85,50,40,4,3,4,3,4,3,4,3,4,3,60,58,69
P009,Priya Patel 9,6,agent_assisted,28.545581817626953,20,0.0,100,40,20,25,85,50,40,4,3,4,3,4,3,4,3,4,3,60,51,59
P009,Priya Patel 9,7,agent_assisted,31.338248014450073,20,0.0,100,40,20,25,85,50,40,4,3,4,3,4,3,4,3,4,3,60,53,52
P009,Priya Patel 9,8,agent_assisted,26.969709873199463,20,0.0,100,40,20,25,85,50,40,4,3,4,3,4,3,4,3,4,3,60,67,45
P009,Priya Patel 9,9,agent_assisted,25.304531812667847,20,0.0,100,40,20,25,85,50,40,4,3,4,3,4,3,4,3,4,3,60,64,68
P009,Priya Patel 9,10,agent_assisted,30.340061902999878,20,0.0,100,40,20,25,85,50,40,4,3,4,3,4,3,4,3,4,3,60,57,66
P011,Priya Patel 11,1,baseline,30.000648975372314,20,0.0,100,40,20,25,85,50,40,4,3,4,3,4,3,4,3,4,3,60,70,70
P011,Priya Patel 11,2,baseline,26.533201932907104,20,0.0,100,40,20,25,85,50,40,4,3,4,3,4,3,4,3,4,3,60,55,64
P011,Priya Patel 11,3,baseline,28.96099281311035,20,0.0,100,40,20,25,85,50,40,4,3,4,3,4,3,4,3,4,3,60,59,53
P011,Priya Patel 11,4,baseline,26.458175897598267,20,0.0,100,40,20,25,85,50,40,4,3,4,3,4,3,4,3,4,3,60,50,50
P011,Priya Patel 11,5,baseline,24.8643581867218,20,0.0,100,40,20,25,85,50,40,4,3,4,3,4,3,4,3,4,3,60,67,64
P011,Priya Patel 11,6,agent_assisted,26.859620094299316,20,0.0,100,40,20,25,85,50,40,4,3,4,3,4,3,4,3,4,3,60,54,74
P011,Priya Patel 11,7,agent_assisted,27.96016812324524,20,0.0,100,40,20,25,85,50,40,4,3,4,3,4,3,4,3,4,3,60,69,61
P011,Priya Patel 11,8,agent_assisted,29.870189905166626,20,0.0,100,40,20,25,85,50,40,4,3,4,3,4,3,4,3,4,3,60,64,49
P011,Priya Patel 11,9,agent_assisted,26.79174017906189,20,0.0,100,40,20,25,85,50,40,4,3,4,3,4,3,4,3,4,3,60,67,55
P011,Priya Patel 11,10,agent_assisted,29.573471069335938,20,0.0,100,40,20,25,85,50,40,4,3,4,3,4,3,4,3,4,3,60,53,73
P012,Sarah Johnson 12,1,baseline,27.91423201560974,20,0.0,100,40,20,40,85,50,50,4,3,4,3,4,3,4,3,4,3,45,53,34
P012,Sarah Johnson 12,2,baseline,27.27586007118225,20,0.0,100,40,20,40,85,50,50,4,3,4,3,4,3,4,3,4,3,45,40,56
P012,Sarah Johnson 12,3,baseline,28.61352229118347,20,0.0,100,40,20,40,85,50,50,4,3,4,3,4,3,4,3,4,3,45,35,53
P012,Sarah Johnson 12,4,baseline,25.005473852157593,20,0.0,100,40,20,40,85,50,50,4,3,4,3,4,3,4,3,4,3,45,50,33
P012,Sarah Johnson 12,5,baseline,26.642045974731445,20,0.0,100,40,20,40,85,50,50,4,3,4,3,4,3,4,3,4,3,45,50,46
P012,Sarah Johnson 12,6,agent_assisted,28.9949848651886,20,0.0,100,40,20,40,85,50,50,4,3,4,3,4,3,4,3,4,3,45,41,50
P012,Sarah Johnson 12,7,agent_assisted,30.72404193878174,20,0.0,100,40,20,40,85,50,50,4,3,4,3,4,3,4,3,4,3,45,39,48
P012,Sarah Johnson 12,8,agent_assisted,29.031548023223877,20,0.0,100,40,20,40,85,50,50,4,3,4,3,4,3,4,3,4,3,45,50,47
P012,Sarah Johnson 12,9,agent_assisted,31.20564293861389,20,0.0,100,40,20,40,85,50,50,4,3,4,3,4,3,4,3,4,3,45,54,31
P012,Sarah Johnson 12,10,agent_assisted,25.782644987106323,20,0.0,100,40,20,40,85,50,50,4,3,4,3,4,3,4,3,4,3,45,48,34
P010,Sarah Johnson 10,1,baseline,29.463107109069824,20,0.0,100,40,20,25,85,50,40,4,3,4,3,4,3,4,3,4,3,60,69,55
P010,Sarah Johnson 10,2,baseline,26.94035005569458,20,0.0,100,40,20,25,85,50,40,4,3,4,3,4,3,4,3,4,3,60,62,58
P010,Sarah Johnson 10,3,baseline,30.7889301776886,20,0.0,100,40,20,25,85,50,40,4,3,4,3,4,3,4,3,4,3,60,62,48
P010,Sarah Johnson 10,4,baseline,29.925123929977417,20,0.0,100,40,20,25,85,50,40,4,3,4,3,4,3,4,3,4,3,60,56,73
P010,Sarah Johnson 10,5,baseline,30.39848494529724,20,0.0,100,40,20,25,85,50,40,4,3,4,3,4,3,4,3,4,3,60,55,66
P010,Sarah Johnson 10,6,agent_assisted,30.274147987365723,20,0.0,100,40,20,25,85,50,40,4,3,4,3,4,3,4,3,4,3,60,56,55
P010,Sarah Johnson 10,7,agent_assisted,30.67181396484375,20,0.0,100,40,20,25,85,50,40,4,3,4,3,4,3,4,3,4,3,60,69,67
P010,Sarah Johnson 10,8,agent_assisted,29.676946878433228,20,0.0,100,40,20,25,85,50,40,4,3,4,3,4,3,4,3,4,3,60,68,57
P010,Sarah Johnson 10,9,agent_assisted,28.28974485397339,20,0.0,100,40,20,25,85,50,40,4,3,4,3,4,3,4,3,4,3,60,52,68
P010,Sarah Johnson 10,10,agent_assisted,32.31341481208801,20,0.0,100,40,20,25,85,50,40,4,3,4,3,4,3,4,3,4,3,60,64,46
P013,Priya Patel 13,1,baseline,28.60745906829834,20,0.0,100,50,20,25,70,50,40,3,2,3,2,3,2,3,2,3,2,50,47,57
P013,Priya Patel 13,2,baseline,29.01108694076538,20,0.0,100,50,20,25,70,50,40,3,2,3,2,3,2,3,2,3,2,50,40,52
P013,Priya Patel 13,3,baseline,31.510830879211426,20,0.0,100,50,20,25,70,50,40,3,2,3,2,3,2,3,2,3,2,50,59,57
P013,Priya Patel 13,4,baseline,25.69985580444336,20,0.0,100,50,20,25,70,50,40,3,2,3,2,3,2,3,2,3,2,50,57,35
P013,Priya Patel 13,5,baseline,28.50590419769287,20,0.0,100,50,20,25,70,50,40,3,2,3,2,3,2,3,2,3,2,50,44,58
P013,Priya Patel 13,6,agent_assisted,26.298770904541016,20,0.0,100,50,20,25,70,50,40,3,2,3,2,3,2,3,2,3,2,50,51,53
P013,Priya Patel 13,7,agent_assisted,28.274641275405884,20,0.0,100,50,20,25,70,50,40,3,2,3,2,3,2,3,2,3,2,50,46,56
P013,Priya Patel 13,8,agent_assisted,24.89984631538391,20,0.0,100,50,20,25,70,50,40,3,2,3,2,3,2,3,2,3,2,50,56,60
P013,Priya Patel 13,9,agent_assisted,26.0388081073761,20,0.0,100,50,20,25,70,50,40,3,2,3,2,3,2,3,2,3,2,50,41,57
P013,Priya Patel 13,10,agent_assisted,23.77716612815857,20,0.0,100,50,20,25,70,50,40,3,2,3,2,3,2,3,2,3,2,50,47,61
P014,Sarah Johnson 14,1,baseline,27.135446071624756,20,0.0,100,40,20,25,85,50,40,4,3,4,3,4,3,4,3,4,3,60,56,46
P014,Sarah Johnson 14,2,baseline,28.176716804504395,20,0.0,100,40,20,25,85,50,40,4,3,4,3,4,3,4,3,4,3,60,63,53
P014,Sarah Johnson 14,3,baseline,29.96035885810852,20,0.0,100,40,20,25,85,50,40,4,3,4,3,4,3,4,3,4,3,60,52,56
P014,Sarah Johnson 14,4,baseline,27.950994968414307,20,0.0,100,40,20,25,85,50,40,4,3,4,3,4,3,4,3,4,3,60,53,60
P014,Sarah Johnson 14,5,baseline,27.622138023376465,20,0.0,100,40,20,25,85,50,40,4,3,4,3,4,3,4,3,4,3,60,55,57
P014,Sarah Johnson 14,6,agent_assisted,24.015848875045776,20,0.0,100,40,20,25,85,50,40,4,3,4,3,4,3,4,3,4,3,60,50,62
P014,Sarah Johnson 14,7,agent_assisted,27.82751989364624,20,0.0,100,40,20,25,85,50,40,4,3,4,3,4,3,4,3,4,3,60,50,53
P014,Sarah Johnson 14,8,agent_assisted,29.28339409828186,20,0.0,100,40,20,25,85,50,40,4,3,4,3,4,3,4,3,4,3,60,52,52
P014,Sarah Johnson 14,9,agent_assisted,24.937777996063232,20,0.0,100,40,20,25,85,50,40,4,3,4,3,4,3,4,3,4,3,60,54,45
P014,Sarah Johnson 14,10,agent_assisted,25.924132108688354,20,0.0,100,40,20,25,85,50,40,4,3,4,3,4,3,4,3,4,3,60,55,67
P015,Priya Patel 15,1,baseline,27.293817281723022,20,0.0,100,65,20,25,70,50,50,2,1,2,1,2,1,2,1,2,1,40,42,48
P015,Priya Patel 15,2,baseline,31.223179817199707,20,0.0,100,65,20,25,70,50,50,2,1,2,1,2,1,2,1,2,1,40,32,39
P015,Priya Patel 15,3,baseline,28.35530686378479,20,0.0,100,65,20,25,70,50,50,2,1,2,1,2,1,2,1,2,1,40,41,44
P015,Priya Patel 15,4,baseline,28.195995807647705,20,0.0,100,65,20,25,70,50,50,2,1,2,1,2,1,2,1,2,1,40,39,29
P015,Priya Patel 15,5,baseline,25.296201944351196,20,0.0,100,65,20,25,70,50,50,2,1,2,1,2,1,2,1,2,1,40,41,25
P015,Priya Patel 15,6,agent_assisted,27.14702534675598,20,0.0,100,65,20,25,70,50,50,2,1,2,1,2,1,2,1,2,1,40,33,30
P015,Priya Patel 15,7,agent_assisted,29.335963010787964,20,0.0,100,65,20,25,70,50,50,2,1,2,1,2,1,2,1,2,1,40,45,28
P015,Priya Patel 15,8,agent_assisted,27.837379932403564,20,0.0,100,65,20,25,70,50,50,2,1,2,1,2,1,2,1,2,1,40,42,55
P015,Priya Patel 15,9,agent_assisted,28.55874800682068,20,0.0,100,65,20,25,70,50,50,2,1,2,1,2,1,2,1,2,1,40,39,34
P015,Priya Patel 15,10,agent_assisted,31.025349140167236,20,0.0,100,65,20,25,70,50,50,2,1,2,1,2,1,2,1,2,1,40,33,54
P017,Priya Patel 17,1,baseline,30.669644117355347,20,0.0,100,40,20,25,85,50,40,4,3,4,3,4,3,4,3,4,3,60,70,68
P017,Priya Patel 17,2,baseline,27.102568864822388,20,0.0,100,40,20,25,85,50,40,4,3,4,3,4,3,4,3,4,3,60,52,49
P017,Priya Patel 17,3,baseline,29.33793306350708,20,0.0,100,40,20,25,85,50,40,4,3,4,3,4,3,4,3,4,3,60,61,66
P017,Priya Patel 17,4,baseline,31.41886305809021,20,0.0,100,40,20,25,85,50,40,4,3,4,3,4,3,4,3,4,3,60,53,57
P017,Priya Patel 17,5,baseline,27.69664478302002,20,0.0,100,40,20,25,85,50,40,4,3,4,3,4,3,4,3,4,3,60,53,58
P017,Priya Patel 17,6,agent_assisted,24.647140979766846,20,0.0,100,40,20,25,85,50,40,4,3,4,3,4,3,4,3,4,3,60,57,46
P017,Priya Patel 17,7,agent_assisted,27.336154222488403,20,0.0,100,40,20,25,85,50,40,4,3,4,3,4,3,4,3,4,3,60,63,54
P017,Priya Patel 17,8,agent_assisted,26.102813243865967,20,0.0,100,40,20,25,85,50,40,4,3,4,3,4,3,4,3,4,3,60,64,63
P017,Priya Patel 17,9,agent_assisted,22.516582012176514,20,0.0,100,40,20,25,85,50,40,4,3,4,3,4,3,4,3,4,3,60,61,45
P017,Priya Patel 17,10,agent_assisted,26.5034658908844,20,0.0,100,40,20,25,85,50,40,4,3,4,3,4,3,4,3,4,3,60,68,49
P016,Sarah Johnson 16,1,baseline,27.044227123260498,20,0.0,100,50,20,15,70,50,35,3,2,3,2,3,2,3,2,3,2,60,64,52
P016,Sarah Johnson 16,2,baseline,28.090873956680298,20,0.0,100,50,20,15,70,50,35,3,2,3,2,3,2,3,2,3,2,60,64,66
P016,Sarah Johnson 16,3,baseline,32.784600019454956,20,0.0,100,50,20,15,70,50,35,3,2,3,2,3,2,3,2,3,2,60,54,52
P016,Sarah Johnson 16,4,baseline,27.017436981201172,20,0.0,100,50,20,15,70,50,35,3,2,3,2,3,2,3,2,3,2,60,54,75
P016,Sarah Johnson 16,5,baseline,27.060314893722534,20,0.0,100,50,20,15,70,50,35,3,2,3,2,3,2,3,2,3,2,60,55,69
P016,Sarah Johnson 16,6,agent_assisted,29.46526074409485,20,0.0,100,50,20,15,70,50,35,3,2,3,2,3,2,3,2,3,2,60,52,65
P016,Sarah Johnson 16,7,agent_assisted,29.35161304473877,20,0.0,100,50,20,15,70,50,35,3,2,3,2,3,2,3,2,3,2,60,50,54
P016,Sarah Johnson 16,8,agent_assisted,27.157379150390625,20,0.0,100,50,20,15,70,50,35,3,2,3,2,3,2,3,2,3,2,60,55,69
P016,Sarah Johnson 16,9,agent_assisted,27.5139741897583,20,0.0,100,50,20,15,70,50,35,3,2,3,2,3,2,3,2,3,2,60,56,74
P016,Sarah Johnson 16,10,agent_assisted,25.331528902053833,20,0.0,100,50,20,15,70,50,35,3,2,3,2,3,2,3,2,3,2,60,68,48
P018,Sarah Johnson 18,1,baseline,26.6075439453125,20,0.0,100,40,20,15,85,50,35,4,3,4,3,4,3,4,3,4,3,70,69,83
P018,Sarah Johnson 18,2,baseline,27.777820348739624,20,0.0,100,40,20,15,85,50,35,4,3,4,3,4,3,4,3,4,3,70,80,80
P018,Sarah Johnson 18,3,baseline,28.381072759628296,20,0.0,100,40,20,15,85,50,35,4,3,4,3,4,3,4,3,4,3,70,63,59
P018,Sarah Johnson 18,4,baseline,27.385864973068237,20,0.0,100,40,20,15,85,50,35,4,3,4,3,4,3,4,3,4,3,70,69,69
P018,Sarah Johnson 18,5,baseline,31.014026880264282,20,0.0,100,40,20,15,85,50,35,4,3,4,3,4,3,4,3,4,3,70,74,59
P018,Sarah Johnson 18,6,agent_assisted,29.426225185394287,20,0.0,100,40,20,15,85,50,35,4,3,4,3,4,3,4,3,4,3,70,67,59
P018,Sarah Johnson 18,7,agent_assisted,27.365251064300537,20,0.0,100,40,20,15,85,50,35,4,3,4,3,4,3,4,3,4,3,70,67,56
P018,Sarah Johnson 18,8,agent_assisted,28.246784210205078,20,0.0,100,40,20,15,85,50,35,4,3,4,3,4,3,4,3,4,3,70,64,82
P018,Sarah Johnson 18,9,agent_assisted,29.23411512374878,20,0.0,100,40,20,15,85,50,35,4,3,4,3,4,3,4,3,4,3,70,79,72
P018,Sarah Johnson 18,10,agent_assisted,27.964820861816406,20,0.0,100,40,20,15,85,50,35,4,3,4,3,4,3,4,3,4,3,70,67,67
P019,Priya Patel 19,1,baseline,28.22311496734619,20,0.0,100,40,20,25,85,50,40,4,3,4,3,4,3,4,3,4,3,60,58,65
P019,Priya Patel 19,2,baseline,28.54560685157776,20,0.0,100,40,20,25,85,50,40,4,3,4,3,4,3,4,3,4,3,60,65,57
P019,Priya Patel 19,3,baseline,26.80366063117981,20,0.0,100,40,20,25,85,50,40,4,3,4,3,4,3,4,3,4,3,60,66,48
P019,Priya Patel 19,4,baseline,28.256590127944946,20,0.0,100,40,20,25,85,50,40,4,3,4,3,4,3,4,3,4,3,60,58,61
P019,Priya Patel 19,5,baseline,27.56937885284424,20,0.0,100,40,20,25,85,50,40,4,3,4,3,4,3,4,3,4,3,60,57,55
P019,Priya Patel 19,6,agent_assisted,28.294556140899658,20,0.0,100,40,20,25,85,50,40,4,3,4,3,4,3,4,3,4,3,60,61,65
P019,Priya Patel 19,7,agent_assisted,27.4285409450531,20,0.0,100,40,20,25,85,50,40,4,3,4,3,4,3,4,3,4,3,60,68,75
P019,Priya Patel 19,8,agent_assisted,26.166196823120117,20,0.0,100,40,20,25,85,50,40,4,3,4,3,4,3,4,3,4,3,60,65,57
P019,Priya Patel 19,9,agent_assisted,28.736752033233643,20,0.0,100,40,20,25,85,50,40,4,3,4,3,4,3,4,3,4,3,60,55,45
P019,Priya Patel 19,10,agent_assisted,26.33841323852539,20,0.0,100,40,20,25,85,50,40,4,3,4,3,4,3,4,3,4,3,60,59,75
P020,Sarah Johnson 20,1,baseline,25.55758786201477,20,0.0,100,65,20,25,70,50,50,2,1,2,1,2,1,2,1,2,1,40,32,52
P020,Sarah Johnson 20,2,baseline,24.530333042144775,20,0.0,100,65,20,25,70,50,50,2,1,2,1,2,1,2,1,2,1,40,45,35
P020,Sarah Johnson 20,3,baseline,29.18464994430542,20,0.0,100,65,20,25,70,50,50,2,1,2,1,2,1,2,1,2,1,40,30,37
P020,Sarah Johnson 20,4,baseline,29.193089962005615,20,0.0,100,65,20,25,70,50,50,2,1,2,1,2,1,2,1,2,1,40,39,48
P020,Sarah Johnson 20,5,baseline,29.58218502998352,20,0.0,100,65,20,25,70,50,50,2,1,2,1,2,1,2,1,2,1,40,45,26
P020,Sarah Johnson 20,6,agent_assisted,27.58878207206726,20,0.0,100,65,20,25,70,50,50,2,1,2,1,2,1,2,1,2,1,40,34,43
P020,Sarah Johnson 20,7,agent_assisted,24.278291940689087,20,0.0,100,65,20,25,70,50,50,2,1,2,1,2,1,2,1,2,1,40,37,27
P020,Sarah Johnson 20,8,agent_assisted,26.232508897781372,20,0.0,100,65,20,25,70,50,50,2,1,2,1,2,1,2,1,2,1,40,34,37
P020,Sarah Johnson 20,9,agent_assisted,31.112005949020386,20,0.0,100,65,20,25,70,50,50,2,1,2,1,2,1,2,1,2,1,40,32,34
P020,Sarah Johnson 20,10,agent_assisted,29.238986015319824,20,0.0,100,65,20,25,70,50,50,2,1,2,1,2,1,2,1,2,1,40,45,39
P021,Priya Patel 21,1,baseline,29.458627700805664,20,0.0,100,50,20,25,70,50,40,3,2,3,2,3,2,3,2,3,2,50,53,40
P021,Priya Patel 21,2,baseline,26.96727991104126,20,0.0,100,50,20,25,70,50,40,3,2,3,2,3,2,3,2,3,2,50,56,59
P021,Priya Patel 21,3,baseline,27.666762351989746,20,0.0,100,50,20,25,70,50,40,3,2,3,2,3,2,3,2,3,2,50,55,40
P021,Priya Patel 21,4,baseline,28.00275993347168,20,0.0,100,50,20,25,70,50,40,3,2,3,2,3,2,3,2,3,2,50,60,42
P021,Priya Patel 21,5,baseline,26.720672845840454,20,0.0,100,50,20,25,70,50,40,3,2,3,2,3,2,3,2,3,2,50,47,37
P021,Priya Patel 21,6,agent_assisted,26.915106058120728,20,0.0,100,50,20,25,70,50,40,3,2,3,2,3,2,3,2,3,2,50,42,36
P021,Priya Patel 21,7,agent_assisted,28.341660737991333,20,0.0,100,50,20,25,70,50,40,3,2,3,2,3,2,3,2,3,2,50,42,63
P021,Priya Patel 21,8,agent_assisted,25.40720796585083,20,0.0,100,50,20,25,70,50,40,3,2,3,2,3,2,3,2,3,2,50,50,36
P021,Priya Patel 21,9,agent_assisted,28.421221017837524,20,0.0,100,50,20,25,70,50,40,3,2,3,2,3,2,3,2,3,2,50,51,38
P021,Priya Patel 21,10,agent_assisted,30.340641021728516,20,0.0,100,50,20,25,70,50,40,3,2,3,2,3,2,3,2,3,2,50,54,59
P022,Sarah Johnson 22,1,baseline,23.50822401046753,20,0.0,100,40,20,25,85,50,40,4,3,4,3,4,3,4,3,4,3,60,68,61
P022,Sarah Johnson 22,2,baseline,29.995707988739014,20,0.0,100,40,20,25,85,50,40,4,3,4,3,4,3,4,3,4,3,60,52,70
P022,Sarah Johnson 22,3,baseline,24.014766693115234,20,0.0,100,40,20,25,85,50,40,4,3,4,3,4,3,4,3,4,3,60,61,45
P022,Sarah Johnson 22,4,baseline,27.09416389465332,20,0.0,100,40,20,25,85,50,40,4,3,4,3,4,3,4,3,4,3,60,65,59
P022,Sarah Johnson 22,5,baseline,27.13525080680847,20,0.0,100,40,20,25,85,50,40,4,3,4,3,4,3,4,3,4,3,60,58,47
P022,Sarah Johnson 22,6,agent_assisted,28.412824153900146,20,0.0,100,40,20,25,85,50,40,4,3,4,3,4,3,4,3,4,3,60,57,67
P022,Sarah Johnson 22,7,agent_assisted,27.450079917907715,20,0.0,100,40,20,25,85,50,40,4,3,4,3,4,3,4,3,4,3,60,56,59
P022,Sarah Johnson 22,8,agent_assisted,26.93042492866516,20,0.0,100,40,20,25,85,50,40,4,3,4,3,4,3,4,3,4,3,60,70,68
P022,Sarah Johnson 22,9,agent_assisted,28.119586944580078,20,0.0,100,40,20,25,85,50,40,4,3,4,3,4,3,4,3,4,3,60,60,65
P022,Sarah Johnson 22,10,agent_assisted,26.762778759002686,20,0.0,100,40,20,25,85,50,40,4,3,4,3,4,3,4,3,4,3,60,66,75
P023,Priya Patel 23,1,baseline,29.476683855056763,20,0.0,100,40,20,15,85,50,35,4,3,4,3,4,3,4,3,4,3,70,62,64
P023,Priya Patel 23,2,baseline,26.344568014144897,20,0.0,100,40,20,15,85,50,35,4,3,4,3,4,3,4,3,4,3,70,78,81
P023,Priya Patel 23,3,baseline,22.801252841949463,20,0.0,100,40,20,15,85,50,35,4,3,4,3,4,3,4,3,4,3,70,79,55
P023,Priya Patel 23,4,baseline,26.231634855270386,20,0.0,100,40,20,15,85,50,35,4,3,4,3,4,3,4,3,4,3,70,66,81
P023,Priya Patel 23,5,baseline,27.989827632904053,20,0.0,100,40,20,15,85,50,35,4,3,4,3,4,3,4,3,4,3,70,60,85
P023,Priya Patel 23,6,agent_assisted,26.38765788078308,20,0.0,100,40,20,15,85,50,35,4,3,4,3,4,3,4,3,4,3,70,71,65
P023,Priya Patel 23,7,agent_assisted,27.575786113739014,20,0.0,100,40,20,15,85,50,35,4,3,4,3,4,3,4,3,4,3,70,80,79
P023,Priya Patel 23,8,agent_assisted,29.596665143966675,20,0.0,100,40,20,15,85,50,35,4,3,4,3,4,3,4,3,4,3,70,76,66
P023,Priya Patel 23,9,agent_assisted,27.727377891540527,20,0.0,100,40,20,15,85,50,35,4,3,4,3,4,3,4,3,4,3,70,75,82
P023,Priya Patel 23,10,agent_assisted,25.885871171951294,20,0.0,100,40,20,15,85,50,35,4,3,4,3,4,3,4,3,4,3,70,77,65
P024,Sarah Johnson 24,1,baseline,25.861067056655884,20,0.0,100,65,20,25,70,50,50,2,1,2,1,2,1,2,1,2,1,40,37,44
P024,Sarah Johnson 24,2,baseline,25.962589979171753,20,0.0,100,65,20,25,70,50,50,2,1,2,1,2,1,2,1,2,1,40,49,33
P024,Sarah Johnson 24,3,baseline,30.69842290878296,20,0.0,100,65,20,25,70,50,50,2,1,2,1,2,1,2,1,2,1,40,40,51
P024,Sarah Johnson 24,4,baseline,28.428157806396484,20,0.0,100,65,20,25,70,50,50,2,1,2,1,2,1,2,1,2,1,40,40,28
P024,Sarah Johnson 24,5,baseline,30.68470788002014,20,0.0,100,65,20,25,70,50,50,2,1,2,1,2,1,2,1,2,1,40,41,42
P024,Sarah Johnson 24,6,agent_assisted,27.96501088142395,20,0.0,100,65,20,25,70,50,50,2,1,2,1,2,1,2,1,2,1,40,48,40
P024,Sarah Johnson 24,7,agent_assisted,28.437259197235107,20,0.0,100,65,20,25,70,50,50,2,1,2,1,2,1,2,1,2,1,40,46,42
P024,Sarah Johnson 24,8,agent_assisted,26.446770906448364,20,0.0,100,65,20,25,70,50,50,2,1,2,1,2,1,2,1,2,1,40,38,55
P024,Sarah Johnson 24,9,agent_assisted,28.372764825820923,20,0.0,100,65,20,25,70,50,50,2,1,2,1,2,1,2,1,2,1,40,48,34
P024,Sarah Johnson 24,10,agent_assisted,30.51784896850586,20,0.0,100,65,20,25,70,50,50,2,1,2,1,2,1,2,1,2,1,40,39,54
P026,Sarah Johnson 26,1,baseline,26.47571611404419,20,0.0,100,65,20,25,70,50,50,2,1,2,1,2,1,2,1,2,1,40,44,27
P026,Sarah Johnson 26,2,baseline,26.931285858154297,20,0.0,100,65,20,25,70,50,50,2,1,2,1,2,1,2,1,2,1,40,35,37
P026,Sarah Johnson 26,3,baseline,28.20872712135315,20,0.0,100,65,20,25,70,50,50,2,1,2,1,2,1,2,1,2,1,40,33,50
P026,Sarah Johnson 26,4,baseline,30.16976499557495,20,0.0,100,65,20,25,70,50,50,2,1,2,1,2,1,2,1,2,1,40,36,41
P026,Sarah Johnson 26,5,baseline,27.576600074768066,20,0.0,100,65,20,25,70,50,50,2,1,2,1,2,1,2,1,2,1,40,39,25
P026,Sarah Johnson 26,6,agent_assisted,28.730332851409912,20,0.0,100,65,20,25,70,50,50,2,1,2,1,2,1,2,1,2,1,40,43,35
P026,Sarah Johnson 26,7,agent_assisted,30.048268795013428,20,0.0,100,65,20,25,70,50,50,2,1,2,1,2,1,2,1,2,1,40,45,50
P026,Sarah Johnson 26,8,agent_assisted,29.006185054779053,20,0.0,100,65,20,25,70,50,50,2,1,2,1,2,1,2,1,2,1,40,43,42
P026,Sarah Johnson 26,9,agent_assisted,24.29859685897827,20,0.0,100,65,20,25,70,50,50,2,1,2,1,2,1,2,1,2,1,40,34,35
P026,Sarah Johnson 26,10,agent_assisted,28.47661519050598,20,0.0,100,65,20,25,70,50,50,2,1,2,1,2,1,2,1,2,1,40,43,26
P025,Priya Patel 25,1,baseline,28.53048586845398,20,0.0,100,50,20,25,70,50,40,3,2,3,2,3,2,3,2,3,2,50,50,44
P025,Priya Patel 25,2,baseline,29.01986289024353,20,0.0,100,50,20,25,70,50,40,3,2,3,2,3,2,3,2,3,2,50,47,41
P025,Priya Patel 25,3,baseline,30.952324867248535,20,0.0,100,50,20,25,70,50,40,3,2,3,2,3,2,3,2,3,2,50,45,42
P025,Priya Patel 25,4,baseline,30.758116245269775,20,0.0,100,50,20,25,70,50,40,3,2,3,2,3,2,3,2,3,2,50,55,55
P025,Priya Patel 25,5,baseline,29.30408501625061,20,0.0,100,50,20,25,70,50,40,3,2,3,2,3,2,3,2,3,2,50,46,44
P025,Priya Patel 25,6,agent_assisted,29.543921947479248,20,0.0,100,50,20,25,70,50,40,3,2,3,2,3,2,3,2,3,2,50,42,36
P025,Priya Patel 25,7,agent_assisted,27.104581832885742,20,0.0,100,50,20,25,70,50,40,3,2,3,2,3,2,3,2,3,2,50,47,51
P025,Priya Patel 25,8,agent_assisted,25.305498123168945,20,0.0,100,50,20,25,70,50,40,3,2,3,2,3,2,3,2,3,2,50,41,36
P025,Priya Patel 25,9,agent_assisted,27.947558164596558,20,0.0,100,50,20,25,70,50,40,3,2,3,2,3,2,3,2,3,2,50,51,45
P025,Priya Patel 25,10,agent_assisted,26.13001012802124,20,0.0,100,50,20,25,70,50,40,3,2,3,2,3,2,3,2,3,2,50,40,45
P027,Priya Patel 27,1,baseline,30.46265411376953,20,0.0,100,40,20,25,85,50,40,4,3,4,3,4,3,4,3,4,3,60,50,50
P027,Priya Patel 27,2,baseline,26.043176889419556,20,0.0,100,40,20,25,85,50,40,4,3,4,3,4,3,4,3,4,3,60,64,45
P027,Priya Patel 27,3,baseline,25.6637921333313,20,0.0,100,40,20,25,85,50,40,4,3,4,3,4,3,4,3,4,3,60,53,47
P027,Priya Patel 27,4,baseline,28.7015438079834,20,0.0,100,40,20,25,85,50,40,4,3,4,3,4,3,4,3,4,3,60,70,61
P027,Priya Patel 27,5,baseline,28.170631885528564,20,0.0,100,40,20,25,85,50,40,4,3,4,3,4,3,4,3,4,3,60,64,61
P027,Priya Patel 27,6,agent_assisted,27.51316809654236,20,0.0,100,40,20,25,85,50,40,4,3,4,3,4,3,4,3,4,3,60,52,56
P027,Priya Patel 27,7,agent_assisted,29.456250190734863,20,0.0,100,40,20,25,85,50,40,4,3,4,3,4,3,4,3,4,3,60,55,55
P027,Priya Patel 27,8,agent_assisted,25.335711002349854,20,0.0,100,40,20,25,85,50,40,4,3,4,3,4,3,4,3,4,3,60,56,50
P027,Priya Patel 27,9,agent_assisted,26.922763109207153,20,0.0,100,40,20,25,85,50,40,4,3,4,3,4,3,4,3,4,3,60,53,75
P027,Priya Patel 27,10,agent_assisted,27.035298109054565,20,0.0,100,40,20,25,85,50,40,4,3,4,3,4,3,4,3,4,3,60,60,69
P029,Priya Patel 29,1,baseline,29.13974618911743,20,0.0,100,50,20,40,70,50,50,3,2,3,2,3,2,3,2,3,2,35,39,37
P029,Priya Patel 29,2,baseline,28.971978187561035,20,0.0,100,50,20,40,70,50,50,3,2,3,2,3,2,3,2,3,2,35,41,30
P029,Priya Patel 29,3,baseline,23.764596223831177,20,0.0,100,50,20,40,70,50,50,3,2,3,2,3,2,3,2,3,2,35,33,38
P029,Priya Patel 29,4,baseline,30.80903196334839,20,0.0,100,50,20,40,70,50,50,3,2,3,2,3,2,3,2,3,2,35,35,28
P029,Priya Patel 29,5,baseline,30.429611682891846,20,0.0,100,50,20,40,70,50,50,3,2,3,2,3,2,3,2,3,2,35,30,23
P029,Priya Patel 29,6,agent_assisted,26.68746590614319,20,0.0,100,50,20,40,70,50,50,3,2,3,2,3,2,3,2,3,2,35,31,23
P029,Priya Patel 29,7,agent_assisted,26.757787227630615,20,0.0,100,50,20,40,70,50,50,3,2,3,2,3,2,3,2,3,2,35,27,21
P029,Priya Patel 29,8,agent_assisted,29.72571897506714,20,0.0,100,50,20,40,70,50,50,3,2,3,2,3,2,3,2,3,2,35,33,42
P029,Priya Patel 29,9,agent_assisted,26.32386016845703,20,0.0,100,50,20,40,70,50,50,3,2,3,2,3,2,3,2,3,2,35,27,23
P029,Priya Patel 29,10,agent_assisted,31.63468098640442,20,0.0,100,50,20,40,70,50,50,3,2,3,2,3,2,3,2,3,2,35,28,37
P028,Sarah Johnson 28,1,baseline,30.311381101608276,20,0.0,100,65,20,40,70,50,60,2,1,2,1,2,1,2,1,2,1,25,15,29
P028,Sarah Johnson 28,2,baseline,28.90788197517395,20,0.0,100,65,20,40,70,50,60,2,1,2,1,2,1,2,1,2,1,25,15,40
P028,Sarah Johnson 28,3,baseline,33.71952795982361,20,0.0,100,65,20,40,70,50,60,2,1,2,1,2,1,2,1,2,1,25,23,18
P028,Sarah Johnson 28,4,baseline,24.786384105682373,20,0.0,100,65,20,40,70,50,60,2,1,2,1,2,1,2,1,2,1,25,24,22
P028,Sarah Johnson 28,5,baseline,30.88620114326477,20,0.0,100,65,20,40,70,50,60,2,1,2,1,2,1,2,1,2,1,25,32,18
P028,Sarah Johnson 28,6,agent_assisted,25.68804097175598,20,0.0,100,65,20,40,70,50,60,2,1,2,1,2,1,2,1,2,1,25,28,10
P028,Sarah Johnson 28,7,agent_assisted,30.217268228530884,20,0.0,100,65,20,40,70,50,60,2,1,2,1,2,1,2,1,2,1,25,22,20
P028,Sarah Johnson 28,8,agent_assisted,30.323498010635376,20,0.0,100,65,20,40,70,50,60,2,1,2,1,2,1,2,1,2,1,25,35,39
P028,Sarah Johnson 28,9,agent_assisted,28.50000524520874,20,0.0,100,65,20,40,70,50,60,2,1,2,1,2,1,2,1,2,1,25,33,31
P028,Sarah Johnson 28,10,agent_assisted,26.304147958755493,20,0.0,100,65,20,40,70,50,60,2,1,2,1,2,1,2,1,2,1,25,27,12
P030,Sarah Johnson 30,1,baseline,27.585192918777466,20,0.0,100,50,20,40,70,50,50,3,2,3,2,3,2,3,2,3,2,35,42,48
P030,Sarah Johnson 30,2,baseline,30.86015820503235,20,0.0,100,50,20,40,70,50,50,3,2,3,2,3,2,3,2,3,2,35,40,23
P030,Sarah Johnson 30,3,baseline,31.145418882369995,20,0.0,100,50,20,40,70,50,50,3,2,3,2,3,2,3,2,3,2,35,25,22
P030,Sarah Johnson 30,4,baseline,26.92605185508728,20,0.0,100,50,20,40,70,50,50,3,2,3,2,3,2,3,2,3,2,35,26,26
P030,Sarah Johnson 30,5,baseline,27.779257774353027,20,0.0,100,50,20,40,70,50,50,3,2,3,2,3,2,3,2,3,2,35,29,38
P030,Sarah Johnson 30,6,agent_assisted,25.99264097213745,20,0.0,100,50,20,40,70,50,50,3,2,3,2,3,2,3,2,3,2,35,36,28
P030,Sarah Johnson 30,7,agent_assisted,27.472671031951904,20,0.0,100,50,20,40,70,50,50,3,2,3,2,3,2,3,2,3,2,35,38,42
P030,Sarah Johnson 30,8,agent_assisted,31.89153504371643,20,0.0,100,50,20,40,70,50,50,3,2,3,2,3,2,3,2,3,2,35,28,32
P030,Sarah Johnson 30,9,agent_assisted,29.800843715667725,20,0.0,100,50,20,40,70,50,50,3,2,3,2,3,2,3,2,3,2,35,29,44
P030,Sarah Johnson 30,10,agent_assisted,29.036911010742188,20,0.0,100,50,20,40,70,50,50,3,2,3,2,3,2,3,2,3,2,35,42,29
P031,Priya Patel 31,1,baseline,29.000248908996582,20,0.0,100,50,20,25,70,50,40,3,2,3,2,3,2,3,2,3,2,50,45,40
P031,Priya Patel 31,2,baseline,30.17343497276306,20,0.0,100,50,20,25,70,50,40,3,2,3,2,3,2,3,2,3,2,50,47,48
P031,Priya Patel 31,3,baseline,27.425979137420654,20,0.0,100,50,20,25,70,50,40,3,2,3,2,3,2,3,2,3,2,50,53,61
P031,Priya Patel 31,4,baseline,29.30385708808899,20,0.0,100,50,20,25,70,50,40,3,2,3,2,3,2,3,2,3,2,50,59,54
P031,Priya Patel 31,5,baseline,28.676103115081787,20,0.0,100,50,20,25,70,50,40,3,2,3,2,3,2,3,2,3,2,50,48,46
P031,Priya Patel 31,6,agent_assisted,28.952141046524048,20,0.0,100,50,20,25,70,50,40,3,2,3,2,3,2,3,2,3,2,50,43,51
P031,Priya Patel 31,7,agent_assisted,29.91570782661438,20,0.0,100,50,20,25,70,50,40,3,2,3,2,3,2,3,2,3,2,50,54,50
P031,Priya Patel 31,8,agent_assisted,26.976418018341064,20,0.0,100,50,20,25,70,50,40,3,2,3,2,3,2,3,2,3,2,50,59,46
P031,Priya Patel 31,9,agent_assisted,27.231169939041138,20,0.0,100,50,20,25,70,50,40,3,2,3,2,3,2,3,2,3,2,50,50,41
P031,Priya Patel 31,10,agent_assisted,24.7326979637146,20,0.0,100,50,20,25,70,50,40,3,2,3,2,3,2,3,2,3,2,50,51,56
P032,Sarah Johnson 32,1,baseline,26.105511903762817,20,0.0,100,65,20,25,70,50,50,2,1,2,1,2,1,2,1,2,1,40,45,38
P032,Sarah Johnson 32,2,baseline,28.470267057418823,20,0.0,100,65,20,25,70,50,50,2,1,2,1,2,1,2,1,2,1,40,44,51
P032,Sarah Johnson 32,3,baseline,28.951431035995483,20,0.0,100,65,20,25,70,50,50,2,1,2,1,2,1,2,1,2,1,40,46,55
P032,Sarah Johnson 32,4,baseline,29.101982831954956,20,0.0,100,65,20,25,70,50,50,2,1,2,1,2,1,2,1,2,1,40,38,49
P032,Sarah Johnson 32,5,baseline,27.34710717201233,20,0.0,100,65,20,25,70,50,50,2,1,2,1,2,1,2,1,2,1,40,41,38
P032,Sarah Johnson 32,6,agent_assisted,26.162492990493774,20,0.0,100,65,20,25,70,50,50,2,1,2,1,2,1,2,1,2,1,40,48,50
P032,Sarah Johnson 32,7,agent_assisted,26.22894597053528,20,0.0,100,65,20,25,70,50,50,2,1,2,1,2,1,2,1,2,1,40,48,25
P032,Sarah Johnson 32,8,agent_assisted,30.797282934188843,20,0.0,100,65,20,25,70,50,50,2,1,2,1,2,1,2,1,2,1,40,49,53
P032,Sarah Johnson 32,9,agent_assisted,29.12210488319397,20,0.0,100,65,20,25,70,50,50,2,1,2,1,2,1,2,1,2,1,40,50,48
P032,Sarah Johnson 32,10,agent_assisted,29.02784824371338,20,0.0,100,65,20,25,70,50,50,2,1,2,1,2,1,2,1,2,1,40,44,33
P033,Priya Patel 33,1,baseline,29.61635684967041,20,0.0,100,65,20,15,70,50,45,2,1,2,1,2,1,2,1,2,1,50,60,52
P033,Priya Patel 33,2,baseline,27.639447927474976,20,0.0,100,65,20,15,70,50,45,2,1,2,1,2,1,2,1,2,1,50,56,53
P033,Priya Patel 33,3,baseline,29.583165168762207,20,0.0,100,65,20,15,70,50,45,2,1,2,1,2,1,2,1,2,1,50,50,54
P033,Priya Patel 33,4,baseline,29.228219032287598,20,0.0,100,65,20,15,70,50,45,2,1,2,1,2,1,2,1,2,1,50,50,40
P033,Priya Patel 33,5,baseline,27.1780788898468,20,0.0,100,65,20,15,70,50,45,2,1,2,1,2,1,2,1,2,1,50,51,46
P033,Priya Patel 33,6,agent_assisted,23.89596390724182,20,0.0,100,65,20,15,70,50,45,2,1,2,1,2,1,2,1,2,1,50,51,56
P033,Priya Patel 33,7,agent_assisted,28.258049964904785,20,0.0,100,65,20,15,70,50,45,2,1,2,1,2,1,2,1,2,1,50,48,51
P033,Priya Patel 33,8,agent_assisted,23.791974782943726,20,0.0,100,65,20,15,70,50,45,2,1,2,1,2,1,2,1,2,1,50,41,64
P033,Priya Patel 33,9,agent_assisted,31.01129126548767,20,0.0,100,65,20,15,70,50,45,2,1,2,1,2,1,2,1,2,1,50,60,63
P033,Priya Patel 33,10,agent_assisted,26.09412980079651,20,0.0,100,65,20,15,70,50,45,2,1,2,1,2,1,2,1,2,1,50,46,36
P034,Sarah Johnson 34,1,baseline,25.25195598602295,20,0.0,100,65,20,15,70,50,45,2,1,2,1,2,1,2,1,2,1,50,54,44
P034,Sarah Johnson 34,2,baseline,30.94834017753601,20,0.0,100,65,20,15,70,50,45,2,1,2,1,2,1,2,1,2,1,50,41,35
P034,Sarah Johnson 34,3,baseline,28.32523798942566,20,0.0,100,65,20,15,70,50,45,2,1,2,1,2,1,2,1,2,1,50,48,57
P034,Sarah Johnson 34,4,baseline,30.889621019363403,20,0.0,100,65,20,15,70,50,45,2,1,2,1,2,1,2,1,2,1,50,50,64
P034,Sarah Johnson 34,5,baseline,26.0532329082489,20,0.0,100,65,20,15,70,50,45,2,1,2,1,2,1,2,1,2,1,50,52,63
P034,Sarah Johnson 34,6,agent_assisted,27.145429849624634,20,0.0,100,65,20,15,70,50,45,2,1,2,1,2,1,2,1,2,1,50,54,36
P034,Sarah Johnson 34,7,agent_assisted,29.621878147125244,20,0.0,100,65,20,15,70,50,45,2,1,2,1,2,1,2,1,2,1,50,58,35
P034,Sarah Johnson 34,8,agent_assisted,26.57157802581787,20,0.0,100,65,20,15,70,50,45,2,1,2,1,2,1,2,1,2,1,50,51,53
P034,Sarah Johnson 34,9,agent_assisted,30.306299209594727,20,0.0,100,65,20,15,70,50,45,2,1,2,1,2,1,2,1,2,1,50,42,45
P034,Sarah Johnson 34,10,agent_assisted,25.498894929885864,20,0.0,100,65,20,15,70,50,45,2,1,2,1,2,1,2,1,2,1,50,51,37
P035,Priya Patel 35,1,baseline,31.145517110824585,20,0.0,100,40,20,25,85,50,40,4,3,4,3,4,3,4,3,4,3,60,66,46
P035,Priya Patel 35,2,baseline,24.47496199607849,20,0.0,100,40,20,25,85,50,40,4,3,4,3,4,3,4,3,4,3,60,62,48
P035,Priya Patel 35,3,baseline,26.393301010131836,20,0.0,100,40,20,25,85,50,40,4,3,4,3,4,3,4,3,4,3,60,58,56
P035,Priya Patel 35,4,baseline,30.330976963043213,20,0.0,100,40,20,25,85,50,40,4,3,4,3,4,3,4,3,4,3,60,55,59
P035,Priya Patel 35,5,baseline,27.115596055984497,20,0.0,100,40,20,25,85,50,40,4,3,4,3,4,3,4,3,4,3,60,51,64
P035,Priya Patel 35,6,agent_assisted,29.892859935760498,20,0.0,100,40,20,25,85,50,40,4,3,4,3,4,3,4,3,4,3,60,56,50
P035,Priya Patel 35,7,agent_assisted,28.85591721534729,20,0.0,100,40,20,25,85,50,40,4,3,4,3,4,3,4,3,4,3,60,61,69
P035,Priya Patel 35,8,agent_assisted,26.493851900100708,20,0.0,100,40,20,25,85,50,40,4,3,4,3,4,3,4,3,4,3,60,58,56
P035,Priya Patel 35,9,agent_assisted,27.290492296218872,20,0.0,100,40,20,25,85,50,40,4,3,4,3,4,3,4,3,4,3,60,56,65
P035,Priya Patel 35,10,agent_assisted,28.548748016357422,20,0.0,100,40,20,25,85,50,40,4,3,4,3,4,3,4,3,4,3,60,64,45
P036,Sarah Johnson 36,1,baseline,30.47314190864563,20,0.0,100,40,20,25,85,50,40,4,3,4,3,4,3,4,3,4,3,60,56,50
P036,Sarah Johnson 36,2,baseline,28.86016011238098,20,0.0,100,40,20,25,85,50,40,4,3,4,3,4,3,4,3,4,3,60,68,61
P036,Sarah Johnson 36,3,baseline,25.2768292427063,20,0.0,100,40,20,25,85,50,40,4,3,4,3,4,3,4,3,4,3,60,50,53
P036,Sarah Johnson 36,4,baseline,26.680865049362183,20,0.0,100,40,20,25,85,50,40,4,3,4,3,4,3,4,3,4,3,60,65,75
P036,Sarah Johnson 36,5,baseline,28.868797779083252,20,0.0,100,40,20,25,85,50,40,4,3,4,3,4,3,4,3,4,3,60,50,70
P036,Sarah Johnson 36,6,agent_assisted,27.80919098854065,20,0.0,100,40,20,25,85,50,40,4,3,4,3,4,3,4,3,4,3,60,56,46
P036,Sarah Johnson 36,7,agent_assisted,29.658823013305664,20,0.0,100,40,20,25,85,50,40,4,3,4,3,4,3,4,3,4,3,60,52,66
P036,Sarah Johnson 36,8,agent_assisted,29.158703804016113,20,0.0,100,40,20,25,85,50,40,4,3,4,3,4,3,4,3,4,3,60,57,56
P036,Sarah Johnson 36,9,agent_assisted,30.99573302268982,20,0.0,100,40,20,25,85,50,40,4,3,4,3,4,3,4,3,4,3,60,62,71
P036,Sarah Johnson 36,10,agent_assisted,29.169128894805908,20,0.0,100,40,20,25,85,50,40,4,3,4,3,4,3,4,3,4,3,60,70,51
P037,Priya Patel 37,1,baseline,27.553682804107666,20,0.0,100,50,20,25,70,50,40,3,2,3,2,3,2,3,2,3,2,50,40,37
P037,Priya Patel 37,2,baseline,27.171700954437256,20,0.0,100,50,20,25,70,50,40,3,2,3,2,3,2,3,2,3,2,50,47,60
P037,Priya Patel 37,3,baseline,24.896546125411987,20,0.0,100,50,20,25,70,50,40,3,2,3,2,3,2,3,2,3,2,50,59,48
P037,Priya Patel 37,4,baseline,29.086994886398315,20,0.0,100,50,20,25,70,50,40,3,2,3,2,3,2,3,2,3,2,50,51,61
P037,Priya Patel 37,5,baseline,29.60100293159485,20,0.0,100,50,20,25,70,50,40,3,2,3,2,3,2,3,2,3,2,50,53,59
P037,Priya Patel 37,6,agent_assisted,28.439404010772705,20,0.0,100,50,20,25,70,50,40,3,2,3,2,3,2,3,2,3,2,50,55,41
P037,Priya Patel 37,7,agent_assisted,29.330626010894775,20,0.0,100,50,20,25,70,50,40,3,2,3,2,3,2,3,2,3,2,50,49,37
P037,Priya Patel 37,8,agent_assisted,29.46443796157837,20,0.0,100,50,20,25,70,50,40,3,2,3,2,3,2,3,2,3,2,50,54,51
P037,Priya Patel 37,9,agent_assisted,26.984289169311523,20,0.0,100,50,20,25,70,50,40,3,2,3,2,3,2,3,2,3,2,50,60,58
P037,Priya Patel 37,10,agent_assisted,28.072479009628296,20,0.0,100,50,20,25,70,50,40,3,2,3,2,3,2,3,2,3,2,50,59,44
P038,Sarah Johnson 38,1,baseline,23.754399061203003,20,0.0,100,50,20,25,70,50,40,3,2,3,2,3,2,3,2,3,2,50,58,44
P038,Sarah Johnson 38,2,baseline,29.361721754074097,20,0.0,100,50,20,25,70,50,40,3,2,3,2,3,2,3,2,3,2,50,51,37
P038,Sarah Johnson 38,3,baseline,26.981504917144775,20,0.0,100,50,20,25,70,50,40,3,2,3,2,3,2,3,2,3,2,50,44,43
P038,Sarah Johnson 38,4,baseline,23.198769330978394,20,0.0,100,50,20,25,70,50,40,3,2,3,2,3,2,3,2,3,2,50,44,43
P038,Sarah Johnson 38,5,baseline,27.915311813354492,20,0.0,100,50,20,25,70,50,40,3,2,3,2,3,2,3,2,3,2,50,51,44
P038,Sarah Johnson 38,6,agent_assisted,28.2209632396698,20,0.0,100,50,20,25,70,50,40,3,2,3,2,3,2,3,2,3,2,50,54,35
P038,Sarah Johnson 38,7,agent_assisted,27.05861496925354,20,0.0,100,50,20,25,70,50,40,3,2,3,2,3,2,3,2,3,2,50,56,40
P038,Sarah Johnson 38,8,agent_assisted,29.809126138687134,20,0.0,100,50,20,25,70,50,40,3,2,3,2,3,2,3,2,3,2,50,59,40
P038,Sarah Johnson 38,9,agent_assisted,27.38392186164856,20,0.0,100,50,20,25,70,50,40,3,2,3,2,3,2,3,2,3,2,50,41,47
P038,Sarah Johnson 38,10,agent_assisted,27.823780059814453,20,0.0,100,50,20,25,70,50,40,3,2,3,2,3,2,3,2,3,2,50,54,42
P039,Priya Patel 39,1,baseline,27.997736930847168,20,0.0,100,50,20,40,70,50,50,3,2,3,2,3,2,3,2,3,2,35,41,38
P039,Priya Patel 39,2,baseline,29.755285024642944,20,0.0,100,50,20,40,70,50,50,3,2,3,2,3,2,3,2,3,2,35,41,31
P039,Priya Patel 39,3,baseline,29.15676999092102,20,0.0,100,50,20,40,70,50,50,3,2,3,2,3,2,3,2,3,2,35,29,34
P039,Priya Patel 39,4,baseline,28.355291843414307,20,0.0,100,50,20,40,70,50,50,3,2,3,2,3,2,3,2,3,2,35,36,36
P039,Priya Patel 39,5,baseline,29.257550954818726,20,0.0,100,50,20,40,70,50,50,3,2,3,2,3,2,3,2,3,2,35,40,30
P039,Priya Patel 39,6,agent_assisted,26.250178813934326,20,0.0,100,50,20,40,70,50,50,3,2,3,2,3,2,3,2,3,2,35,40,21
P039,Priya Patel 39,7,agent_assisted,24.127981185913086,20,0.0,100,50,20,40,70,50,50,3,2,3,2,3,2,3,2,3,2,35,28,45
P039,Priya Patel 39,8,agent_assisted,28.87783193588257,20,0.0,100,50,20,40,70,50,50,3,2,3,2,3,2,3,2,3,2,35,44,36
P039,Priya Patel 39,9,agent_assisted,25.324833154678345,20,0.0,100,50,20,40,70,50,50,3,2,3,2,3,2,3,2,3,2,35,31,29
P039,Priya Patel 39,10,agent_assisted,27.358784914016724,20,0.0,100,50,20,40,70,50,50,3,2,3,2,3,2,3,2,3,2,35,40,29
P040,Sarah Johnson 40,1,baseline,25.64219903945923,20,0.0,100,50,20,15,70,50,35,3,2,3,2,3,2,3,2,3,2,60,55,56
P040,Sarah Johnson 40,2,baseline,28.362995147705078,20,0.0,100,50,20,15,70,50,35,3,2,3,2,3,2,3,2,3,2,60,61,57
P040,Sarah Johnson 40,3,baseline,29.120553970336914,20,0.0,100,50,20,15,70,50,35,3,2,3,2,3,2,3,2,3,2,60,57,69
P040,Sarah Johnson 40,4,baseline,28.37990689277649,20,0.0,100,50,20,15,70,50,35,3,2,3,2,3,2,3,2,3,2,60,64,58
P040,Sarah Johnson 40,5,baseline,27.757293224334717,20,0.0,100,50,20,15,70,50,35,3,2,3,2,3,2,3,2,3,2,60,63,69
P040,Sarah Johnson 40,6,agent_assisted,28.81547999382019,20,0.0,100,50,20,15,70,50,35,3,2,3,2,3,2,3,2,3,2,60,58,49
P040,Sarah Johnson 40,7,agent_assisted,29.01313614845276,20,0.0,100,50,20,15,70,50,35,3,2,3,2,3,2,3,2,3,2,60,56,67
P040,Sarah Johnson 40,8,agent_assisted,26.541363954544067,20,0.0,100,50,20,15,70,50,35,3,2,3,2,3,2,3,2,3,2,60,53,56
P040,Sarah Johnson 40,9,agent_assisted,27.328369855880737,20,0.0,100,50,20,15,70,50,35,3,2,3,2,3,2,3,2,3,2,60,60,52
P040,Sarah Johnson 40,10,agent_assisted,29.969172954559326,20,0.0,100,50,20,15,70,50,35,3,2,3,2,3,2,3,2,3,2,60,61,70
P041,Priya Patel 41,1,baseline,26.146422863006592,20,0.0,100,40,20,25,85,50,40,4,3,4,3,4,3,4,3,4,3,60,56,72
P041,Priya Patel 41,2,baseline,25.541807174682617,20,0.0,100,40,20,25,85,50,40,4,3,4,3,4,3,4,3,4,3,60,59,51
P041,Priya Patel 41,3,baseline,27.056467056274414,20,0.0,100,40,20,25,85,50,40,4,3,4,3,4,3,4,3,4,3,60,57,60
P041,Priya Patel 41,4,baseline,26.814390897750854,20,0.0,100,40,20,25,85,50,40,4,3,4,3,4,3,4,3,4,3,60,60,52
P041,Priya Patel 41,5,baseline,27.068131923675537,20,0.0,100,40,20,25,85,50,40,4,3,4,3,4,3,4,3,4,3,60,70,68
P041,Priya Patel 41,6,agent_assisted,29.685697078704834,20,0.0,100,40,20,25,85,50,40,4,3,4,3,4,3,4,3,4,3,60,51,63
P041,Priya Patel 41,7,agent_assisted,28.914227962493896,20,0.0,100,40,20,25,85,50,40,4,3,4,3,4,3,4,3,4,3,60,68,52
P041,Priya Patel 41,8,agent_assisted,25.99242115020752,20,0.0,100,40,20,25,85,50,40,4,3,4,3,4,3,4,3,4,3,60,55,61
P041,Priya Patel 41,9,agent_assisted,28.832417249679565,20,0.0,100,40,20,25,85,50,40,4,3,4,3,4,3,4,3,4,3,60,61,61
P041,Priya Patel 41,10,agent_assisted,26.36885905265808,20,0.0,100,40,20,25,85,50,40,4,3,4,3,4,3,4,3,4,3,60,59,66
P042,Sarah Johnson 42,1,baseline,28.029414892196655,20,0.0,100,50,20,25,70,50,40,3,2,3,2,3,2,3,2,3,2,50,52,49
P042,Sarah Johnson 42,2,baseline,31.753657817840576,20,0.0,100,50,20,25,70,50,40,3,2,3,2,3,2,3,2,3,2,50,50,63
P042,Sarah Johnson 42,3,baseline,29.947306156158447,20,0.0,100,50,20,25,70,50,40,3,2,3,2,3,2,3,2,3,2,50,46,59
P042,Sarah Johnson 42,4,baseline,27.9499032497406,20,0.0,100,50,20,25,70,50,40,3,2,3,2,3,2,3,2,3,2,50,51,54
P042,Sarah Johnson 42,5,baseline,27.264907121658325,20,0.0,100,50,20,25,70,50,40,3,2,3,2,3,2,3,2,3,2,50,42,41
P042,Sarah Johnson 42,6,agent_assisted,27.16110897064209,20,0.0,100,50,20,25,70,50,40,3,2,3,2,3,2,3,2,3,2,50,40,51
P042,Sarah Johnson 42,7,agent_assisted,27.75003480911255,20,0.0,100,50,20,25,70,50,40,3,2,3,2,3,2,3,2,3,2,50,54,40
P042,Sarah Johnson 42,8,agent_assisted,25.758831024169922,20,0.0,100,50,20,25,70,50,40,3,2,3,2,3,2,3,2,3,2,50,56,63
P042,Sarah Johnson 42,9,agent_assisted,29.736522912979126,20,0.0,100,50,20,25,70,50,40,3,2,3,2,3,2,3,2,3,2,50,54,47
P042,Sarah Johnson 42,10,agent_assisted,23.560482025146484,20,0.0,100,50,20,25,70,50,40,3,2,3,2,3,2,3,2,3,2,50,49,54
P043,Priya Patel 43,1,baseline,25.38421607017517,20,0.0,100,50,20,25,70,50,40,3,2,3,2,3,2,3,2,3,2,50,47,51
P043,Priya Patel 43,2,baseline,25.61064887046814,20,0.0,100,50,20,25,70,50,40,3,2,3,2,3,2,3,2,3,2,50,48,35
P043,Priya Patel 43,3,baseline,26.216402053833008,20,0.0,100,50,20,25,70,50,40,3,2,3,2,3,2,3,2,3,2,50,54,55
P043,Priya Patel 43,4,baseline,24.512532949447632,20,0.0,100,50,20,25,70,50,40,3,2,3,2,3,2,3,2,3,2,50,56,57
P043,Priya Patel 43,5,baseline,24.22415781021118,20,0.0,100,50,20,25,70,50,40,3,2,3,2,3,2,3,2,3,2,50,47,57
P043,Priya Patel 43,6,agent_assisted,27.316845893859863,20,0.0,100,50,20,25,70,50,40,3,2,3,2,3,2,3,2,3,2,50,54,57
P043,Priya Patel 43,7,agent_assisted,30.871793270111084,20,0.0,100,50,20,25,70,50,40,3,2,3,2,3,2,3,2,3,2,50,43,48
P043,Priya Patel 43,8,agent_assisted,27.14398503303528,20,0.0,100,50,20,25,70,50,40,3,2,3,2,3,2,3,2,3,2,50,50,50
P043,Priya Patel 43,9,agent_assisted,28.207030057907104,20,0.0,100,50,20,25,70,50,40,3,2,3,2,3,2,3,2,3,2,50,40,47
P043,Priya Patel 43,10,agent_assisted,32.134923696517944,20,0.0,100,50,20,25,70,50,40,3,2,3,2,3,2,3,2,3,2,50,56,47
P044,Sarah Johnson 44,1,baseline,30.988631010055542,20,0.0,100,65,20,25,70,50,50,2,1,2,1,2,1,2,1,2,1,40,37,47
P044,Sarah Johnson 44,2,baseline,27.939460039138794,20,0.0,100,65,20,25,70,50,50,2,1,2,1,2,1,2,1,2,1,40,49,49
P044,Sarah Johnson 44,3,baseline,32.28058409690857,20,0.0,100,65,20,25,70,50,50,2,1,2,1,2,1,2,1,2,1,40,41,37
P044,Sarah Johnson 44,4,baseline,29.852143049240112,20,0.0,100,65,20,25,70,50,50,2,1,2,1,2,1,2,1,2,1,40,34,41
P044,Sarah Johnson 44,5,baseline,25.712466955184937,20,0.0,100,65,20,25,70,50,50,2,1,2,1,2,1,2,1,2,1,40,37,41
P044,Sarah Johnson 44,6,agent_assisted,22.685379028320312,20,0.0,100,65,20,25,70,50,50,2,1,2,1,2,1,2,1,2,1,40,39,27
P044,Sarah Johnson 44,7,agent_assisted,27.88855814933777,20,0.0,100,65,20,25,70,50,50,2,1,2,1,2,1,2,1,2,1,40,47,44
P044,Sarah Johnson 44,8,agent_assisted,25.17425799369812,20,0.0,100,65,20,25,70,50,50,2,1,2,1,2,1,2,1,2,1,40,39,39
P044,Sarah Johnson 44,9,agent_assisted,28.03377389907837,20,0.0,100,65,20,25,70,50,50,2,1,2,1,2,1,2,1,2,1,40,42,46
P044,Sarah Johnson 44,10,agent_assisted,29.365010976791382,20,0.0,100,65,20,25,70,50,50,2,1,2,1,2,1,2,1,2,1,40,35,42
P045,Priya Patel 45,1,baseline,28.286623001098633,20,0.0,100,50,20,25,70,50,40,3,2,3,2,3,2,3,2,3,2,50,51,53
P045,Priya Patel 45,2,baseline,32.6516489982605,20,0.0,100,50,20,25,70,50,40,3,2,3,2,3,2,3,2,3,2,50,42,49
P045,Priya Patel 45,3,baseline,29.45571208000183,20,0.0,100,50,20,25,70,50,40,3,2,3,2,3,2,3,2,3,2,50,43,55
P045,Priya Patel 45,4,baseline,27.2386372089386,20,0.0,100,50,20,25,70,50,40,3,2,3,2,3,2,3,2,3,2,50,58,54
P045,Priya Patel 45,5,baseline,30.022383213043213,20,0.0,100,50,20,25,70,50,40,3,2,3,2,3,2,3,2,3,2,50,49,53
P045,Priya Patel 45,6,agent_assisted,27.587270975112915,20,0.0,100,50,20,25,70,50,40,3,2,3,2,3,2,3,2,3,2,50,45,50
P045,Priya Patel 45,7,agent_assisted,29.7331702709198,20,0.0,100,50,20,25,70,50,40,3,2,3,2,3,2,3,2,3,2,50,51,54
P045,Priya Patel 45,8,agent_assisted,26.844377994537354,20,0.0,100,50,20,25,70,50,40,3,2,3,2,3,2,3,2,3,2,50,43,45
P045,Priya Patel 45,9,agent_assisted,30.126112937927246,20,0.0,100,50,20,25,70,50,40,3,2,3,2,3,2,3,2,3,2,50,40,47
P045,Priya Patel 45,10,agent_assisted,28.747488021850586,20,0.0,100,50,20,25,70,50,40,3,2,3,2,3,2,3,2,3,2,50,49,42
P046,Sarah Johnson 46,1,baseline,29.663059949874878,20,0.0,100,50,20,15,70,50,35,3,2,3,2,3,2,3,2,3,2,60,61,72
P046,Sarah Johnson 46,2,baseline,25.854644298553467,20,0.0,100,50,20,15,70,50,35,3,2,3,2,3,2,3,2,3,2,60,52,57
P046,Sarah Johnson 46,3,baseline,27.710650205612183,20,0.0,100,50,20,15,70,50,35,3,2,3,2,3,2,3,2,3,2,60,52,51
P046,Sarah Johnson 46,4,baseline,26.40001392364502,20,0.0,100,50,20,15,70,50,35,3,2,3,2,3,2,3,2,3,2,60,51,53
P046,Sarah Johnson 46,5,baseline,28.528072357177734,20,0.0,100,50,20,15,70,50,35,3,2,3,2,3,2,3,2,3,2,60,61,50
P046,Sarah Johnson 46,6,agent_assisted,32.006916999816895,20,0.0,100,50,20,15,70,50,35,3,2,3,2,3,2,3,2,3,2,60,57,69
P046,Sarah Johnson 46,7,agent_assisted,29.478956699371338,20,0.0,100,50,20,15,70,50,35,3,2,3,2,3,2,3,2,3,2,60,70,73
P046,Sarah Johnson 46,8,agent_assisted,26.299792766571045,20,0.0,100,50,20,15,70,50,35,3,2,3,2,3,2,3,2,3,2,60,64,64
P046,Sarah Johnson 46,9,agent_assisted,30.588385105133057,20,0.0,100,50,20,15,70,50,35,3,2,3,2,3,2,3,2,3,2,60,52,53
P046,Sarah Johnson 46,10,agent_assisted,29.328096866607666,20,0.0,100,50,20,15,70,50,35,3,2,3,2,3,2,3,2,3,2,60,67,64
P047,Priya Patel 47,1,baseline,25.875860929489136,20,0.0,100,40,20,25,85,50,40,4,3,4,3,4,3,4,3,4,3,60,50,55
P047,Priya Patel 47,2,baseline,28.402679204940796,20,0.0,100,40,20,25,85,50,40,4,3,4,3,4,3,4,3,4,3,60,70,66
P047,Priya Patel 47,3,baseline,28.06350326538086,20,0.0,100,40,20,25,85,50,40,4,3,4,3,4,3,4,3,4,3,60,54,56
P047,Priya Patel 47,4,baseline,25.967864990234375,20,0.0,100,40,20,25,85,50,40,4,3,4,3,4,3,4,3,4,3,60,60,51
P047,Priya Patel 47,5,baseline,25.639529943466187,20,0.0,100,40,20,25,85,50,40,4,3,4,3,4,3,4,3,4,3,60,59,68
P047,Priya Patel 47,6,agent_assisted,29.907073974609375,20,0.0,100,40,20,25,85,50,40,4,3,4,3,4,3,4,3,4,3,60,66,67
P047,Priya Patel 47,7,agent_assisted,28.322561025619507,20,0.0,100,40,20,25,85,50,40,4,3,4,3,4,3,4,3,4,3,60,68,53
P047,Priya Patel 47,8,agent_assisted,29.566805124282837,20,0.0,100,40,20,25,85,50,40,4,3,4,3,4,3,4,3,4,3,60,62,73
P047,Priya Patel 47,9,agent_assisted,27.46811008453369,20,0.0,100,40,20,25,85,50,40,4,3,4,3,4,3,4,3,4,3,60,60,51
P047,Priya Patel 47,10,agent_assisted,29.685385942459106,20,0.0,100,40,20,25,85,50,40,4,3,4,3,4,3,4,3,4,3,60,68,61
P048,Sarah Johnson 48,1,baseline,25.743600130081177,20,0.0,100,50,20,25,70,50,40,3,2,3,2,3,2,3,2,3,2,50,43,53
P048,Sarah Johnson 48,2,baseline,25.64431595802307,20,0.0,100,50,20,25,70,50,40,3,2,3,2,3,2,3,2,3,2,50,42,58
P048,Sarah Johnson 48,3,baseline,29.382593154907227,20,0.0,100,50,20,25,70,50,40,3,2,3,2,3,2,3,2,3,2,50,47,48
P048,Sarah Johnson 48,4,baseline,26.878482818603516,20,0.0,100,50,20,25,70,50,40,3,2,3,2,3,2,3,2,3,2,50,59,62
P048,Sarah Johnson 48,5,baseline,28.08359408378601,20,0.0,100,50,20,25,70,50,40,3,2,3,2,3,2,3,2,3,2,50,47,57
P048,Sarah Johnson 48,6,agent_assisted,27.852852821350098,20,0.0,100,50,20,25,70,50,40,3,2,3,2,3,2,3,2,3,2,50,46,35
P048,Sarah Johnson 48,7,agent_assisted,29.634207010269165,20,0.0,100,50,20,25,70,50,40,3,2,3,2,3,2,3,2,3,2,50,57,55
P048,Sarah Johnson 48,8,agent_assisted,28.04117202758789,20,0.0,100,50,20,25,70,50,40,3,2,3,2,3,2,3,2,3,2,50,48,64
P048,Sarah Johnson 48,9,agent_assisted,25.93135118484497,20,0.0,100,50,20,25,70,50,40,3,2,3,2,3,2,3,2,3,2,50,56,40
P048,Sarah Johnson 48,10,agent_assisted,25.861985206604004,20,0.0,100,50,20,25,70,50,40,3,2,3,2,3,2,3,2,3,2,50,52,59
P050,Sarah Johnson 50,1,baseline,31.194875955581665,20,0.0,100,50,20,15,70,50,35,3,2,3,2,3,2,3,2,3,2,60,50,56
P050,Sarah Johnson 50,2,baseline,27.532791137695312,20,0.0,100,50,20,15,70,50,35,3,2,3,2,3,2,3,2,3,2,60,60,57
P050,Sarah Johnson 50,3,baseline,29.234482049942017,20,0.0,100,50,20,15,70,50,35,3,2,3,2,3,2,3,2,3,2,60,57,75
P050,Sarah Johnson 50,4,baseline,28.66725778579712,20,0.0,100,50,20,15,70,50,35,3,2,3,2,3,2,3,2,3,2,60,58,65
P050,Sarah Johnson 50,5,baseline,26.392174005508423,20,0.0,100,50,20,15,70,50,35,3,2,3,2,3,2,3,2,3,2,60,57,75
P050,Sarah Johnson 50,6,agent_assisted,28.541297912597656,20,0.0,100,50,20,15,70,50,35,3,2,3,2,3,2,3,2,3,2,60,54,48
P050,Sarah Johnson 50,7,agent_assisted,28.056325912475586,20,0.0,100,50,20,15,70,50,35,3,2,3,2,3,2,3,2,3,2,60,59,68
P050,Sarah Johnson 50,8,agent_assisted,26.29892897605896,20,0.0,100,50,20,15,70,50,35,3,2,3,2,3,2,3,2,3,2,60,53,48
P050,Sarah Johnson 50,9,agent_assisted,25.508955240249634,20,0.0,100,50,20,15,70,50,35,3,2,3,2,3,2,3,2,3,2,60,62,48
P050,Sarah Johnson 50,10,agent_assisted,24.86888599395752,20,0.0,100,50,20,15,70,50,35,3,2,3,2,3,2,3,2,3,2,60,58,70
P049,Priya Patel 49,1,baseline,30.055620908737183,20,0.0,100,50,20,25,70,50,40,3,2,3,2,3,2,3,2,3,2,50,56,59
P049,Priya Patel 49,2,baseline,25.187686920166016,20,0.0,100,50,20,25,70,50,40,3,2,3,2,3,2,3,2,3,2,50,44,63
P049,Priya Patel 49,3,baseline,28.703567028045654,20,0.0,100,50,20,25,70,50,40,3,2,3,2,3,2,3,2,3,2,50,44,61
P049,Priya Patel 49,4,baseline,29.187670946121216,20,0.0,100,50,20,25,70,50,40,3,2,3,2,3,2,3,2,3,2,50,43,56
P049,Priya Patel 49,5,baseline,27.841312885284424,20,0.0,100,50,20,25,70,50,40,3,2,3,2,3,2,3,2,3,2,50,40,52
P049,Priya Patel 49,6,agent_assisted,28.848217010498047,20,0.0,100,50,20,25,70,50,40,3,2,3,2,3,2,3,2,3,2,50,44,45
P049,Priya Patel 49,7,agent_assisted,30.51483392715454,20,0.0,100,50,20,25,70,50,40,3,2,3,2,3,2,3,2,3,2,50,40,60
P049,Priya Patel 49,8,agent_assisted,30.334768056869507,20,0.0,100,50,20,25,70,50,40,3,2,3,2,3,2,3,2,3,2,50,40,64
P049,Priya Patel 49,9,agent_assisted,30.860658884048462,20,0.0,100,50,20,25,70,50,40,3,2,3,2,3,2,3,2,3,2,50,58,44
P049,Priya Patel 49,10,agent_assisted,31.511463165283203,20,0.0,100,50,20,25,70,50,40,3,2,3,2,3,2,3,2,3,2,50,50,55
